[
{
  "model": "todolistapp.type",
  "pk": 1,
  "fields": {
    "name": "Задача"
  }
},
{
  "model": "todolistapp.type",
  "pk": 2,
  "fields": {
    "name": "Ошибка"
  }
},
{
  "model": "todolistapp.type",
  "pk": 3,
  "fields": {
    "name": "Улучшение"
  }
},
{
  "model": "todolistapp.type",
  "pk": 4,
  "fields": {
    "name": "Тестовый"
  }
},
{
  "model": "todolistapp.status",
  "pk": 1,
  "fields": {
    "name": "Новый"
  }
},
{
  "model": "todolistapp.status",
  "pk": 2,
  "fields": {
    "name": "В процессе"
  }
},
{
  "model": "todolistapp.status",
  "pk": 3,
  "fields": {
    "name": "Выполнено"
  }
},
{
  "model": "todolistapp.task",
  "pk": 1,
  "fields": {
    "task": "Тестовая задача 1",
    "description": "Тестовая задача 1 Тестовая задача 1 Тестовая задача 1 \r\nТестовая задача 1 Тестовая задача 1 \r\nТестовая задача 1",
    "status": 1,
    "created_at": "2022-01-12T11:55:43.555Z",
    "updated_at": "2022-01-15T08:58:39.982Z",
    "project": 9,
    "is_deleted": false,
    "types": [
      1,
      2
    ]
  }
},
{
  "model": "todolistapp.task",
  "pk": 3,
  "fields": {
    "task": "Тестовая задача 3",
    "description": "",
    "status": 3,
    "created_at": "2022-01-12T11:57:13.080Z",
    "updated_at": "2022-02-01T11:39:41.201Z",
    "project": 1,
    "is_deleted": true,
    "types": [
      1
    ]
  }
},
{
  "model": "todolistapp.task",
  "pk": 4,
  "fields": {
    "task": "Исправление ошибки задачи 1",
    "description": "Исправление ошибки задачи 1 Исправление ошибки задачи 1\r\nИсправление ошибки задачи 1",
    "status": 1,
    "created_at": "2022-01-12T11:57:52.293Z",
    "updated_at": "2022-01-12T11:57:52.294Z",
    "project": 2,
    "is_deleted": false,
    "types": [
      2
    ]
  }
},
{
  "model": "todolistapp.task",
  "pk": 5,
  "fields": {
    "task": "Исправление ошибки задачи 2",
    "description": "Исправление ошибки задачи 2",
    "status": 2,
    "created_at": "2022-01-12T11:58:06.115Z",
    "updated_at": "2022-01-15T08:58:47.149Z",
    "project": 1,
    "is_deleted": false,
    "types": [
      2,
      3
    ]
  }
},
{
  "model": "todolistapp.task",
  "pk": 6,
  "fields": {
    "task": "Исправление ошибки задачи 3",
    "description": "",
    "status": 3,
    "created_at": "2022-01-12T11:58:14.965Z",
    "updated_at": "2022-02-09T10:01:32.957Z",
    "project": 9,
    "is_deleted": true,
    "types": [
      2
    ]
  }
},
{
  "model": "todolistapp.task",
  "pk": 7,
  "fields": {
    "task": "Улучшение задачи 1",
    "description": "Улучшение задачи 1 Улучшение задачи 1\r\nУлучшение задачи 1\r\nУлучшение задачи 1",
    "status": 1,
    "created_at": "2022-01-12T11:58:39.609Z",
    "updated_at": "2022-02-01T11:39:36.792Z",
    "project": 2,
    "is_deleted": true,
    "types": [
      3,
      4
    ]
  }
},
{
  "model": "todolistapp.task",
  "pk": 8,
  "fields": {
    "task": "Улучшение задачи 2",
    "description": "Улучшение задачи 2",
    "status": 2,
    "created_at": "2022-01-12T11:58:52.150Z",
    "updated_at": "2022-02-01T11:39:32.789Z",
    "project": 9,
    "is_deleted": true,
    "types": [
      3
    ]
  }
},
{
  "model": "todolistapp.task",
  "pk": 9,
  "fields": {
    "task": "Улучшение задачи 3333",
    "description": "",
    "status": 3,
    "created_at": "2022-01-12T11:59:01.799Z",
    "updated_at": "2022-01-13T07:17:20.475Z",
    "project": 1,
    "is_deleted": false,
    "types": [
      3
    ]
  }
},
{
  "model": "todolistapp.task",
  "pk": 10,
  "fields": {
    "task": "тип многие-ко-многим",
    "description": "нету",
    "status": 1,
    "created_at": "2022-01-15T08:25:21.316Z",
    "updated_at": "2022-02-16T11:11:55.831Z",
    "project": 9,
    "is_deleted": false,
    "types": [
      1,
      2,
      3,
      4
    ]
  }
},
{
  "model": "todolistapp.task",
  "pk": 13,
  "fields": {
    "task": "test one",
    "description": "",
    "status": 2,
    "created_at": "2022-01-15T09:01:30.653Z",
    "updated_at": "2022-01-15T09:01:36.115Z",
    "project": 1,
    "is_deleted": false,
    "types": [
      3,
      4
    ]
  }
},
{
  "model": "todolistapp.task",
  "pk": 14,
  "fields": {
    "task": "123",
    "description": "proverb validacii taska",
    "status": 1,
    "created_at": "2022-01-18T07:09:15.976Z",
    "updated_at": "2022-01-18T07:09:15.976Z",
    "project": 9,
    "is_deleted": false,
    "types": [
      1,
      2
    ]
  }
},
{
  "model": "todolistapp.task",
  "pk": 15,
  "fields": {
    "task": "c1231",
    "description": "sadasdad",
    "status": 2,
    "created_at": "2022-01-18T13:32:52.426Z",
    "updated_at": "2022-01-18T13:32:52.426Z",
    "project": 2,
    "is_deleted": false,
    "types": [
      1,
      2
    ]
  }
},
{
  "model": "todolistapp.task",
  "pk": 16,
  "fields": {
    "task": "zxczxczxc",
    "description": "zxczxczxczx",
    "status": 1,
    "created_at": "2022-01-18T13:34:25.190Z",
    "updated_at": "2022-01-18T13:34:25.190Z",
    "project": 1,
    "is_deleted": false,
    "types": [
      4
    ]
  }
},
{
  "model": "todolistapp.task",
  "pk": 17,
  "fields": {
    "task": "zxczxczxc11111",
    "description": "zxczxczxczx1111",
    "status": 1,
    "created_at": "2022-01-18T13:35:45.421Z",
    "updated_at": "2022-01-18T13:46:11.283Z",
    "project": 1,
    "is_deleted": false,
    "types": [
      2,
      3
    ]
  }
},
{
  "model": "todolistapp.task",
  "pk": 18,
  "fields": {
    "task": "zzzzzz22222",
    "description": "2222222",
    "status": 3,
    "created_at": "2022-01-18T13:36:00.277Z",
    "updated_at": "2022-01-18T13:45:56.380Z",
    "project": 1,
    "is_deleted": false,
    "types": [
      3
    ]
  }
},
{
  "model": "todolistapp.task",
  "pk": 19,
  "fields": {
    "task": "12345",
    "description": "",
    "status": 1,
    "created_at": "2022-01-18T13:48:08.397Z",
    "updated_at": "2022-01-18T13:48:08.397Z",
    "project": 2,
    "is_deleted": false,
    "types": [
      1
    ]
  }
},
{
  "model": "todolistapp.task",
  "pk": 20,
  "fields": {
    "task": "sadasdadasddfsdfsd",
    "description": "s",
    "status": 2,
    "created_at": "2022-01-18T14:27:59.271Z",
    "updated_at": "2022-01-18T14:27:59.271Z",
    "project": 1,
    "is_deleted": false,
    "types": [
      4
    ]
  }
},
{
  "model": "todolistapp.task",
  "pk": 21,
  "fields": {
    "task": "123456",
    "description": "123456",
    "status": 2,
    "created_at": "2022-01-18T14:36:31.488Z",
    "updated_at": "2022-01-18T14:36:31.488Z",
    "project": 9,
    "is_deleted": false,
    "types": [
      4
    ]
  }
},
{
  "model": "todolistapp.task",
  "pk": 22,
  "fields": {
    "task": "12 1212",
    "description": "qwertyuiopqwertyuiopqwertyuiop\r\nqwertyuiopqwertyuiopqwertyuiop\r\nqwertyuiopqwertyuiopqwertyuiop",
    "status": 1,
    "created_at": "2022-01-18T15:05:01.252Z",
    "updated_at": "2022-01-18T15:05:01.252Z",
    "project": 1,
    "is_deleted": false,
    "types": [
      1,
      2,
      3,
      4
    ]
  }
},
{
  "model": "todolistapp.task",
  "pk": 23,
  "fields": {
    "task": "12312312312",
    "description": "312312312",
    "status": 2,
    "created_at": "2022-01-19T12:16:22.251Z",
    "updated_at": "2022-02-16T11:04:18.666Z",
    "project": 2,
    "is_deleted": true,
    "types": [
      4
    ]
  }
},
{
  "model": "todolistapp.task",
  "pk": 25,
  "fields": {
    "task": "from admin panel",
    "description": "",
    "status": 2,
    "created_at": "2022-01-20T07:45:23.095Z",
    "updated_at": "2022-02-16T11:04:18.660Z",
    "project": 1,
    "is_deleted": true,
    "types": [
      4
    ]
  }
},
{
  "model": "todolistapp.task",
  "pk": 28,
  "fields": {
    "task": "new task for regex",
    "description": "",
    "status": 1,
    "created_at": "2022-01-20T09:27:23.053Z",
    "updated_at": "2022-02-16T11:11:55.830Z",
    "project": 1,
    "is_deleted": false,
    "types": [
      1
    ]
  }
},
{
  "model": "todolistapp.task",
  "pk": 31,
  "fields": {
    "task": "ok google",
    "description": "Sed ut perspiciatis, unde omnis iste \r\nudantium, totam rem aperiam  aut \r\nfugit, sed quia consequuntur magni \r\ndolores eos, qui ratione voluptatem \r\nsequi nesciunt, neque porro \r\nquisquam est, qui dolorem ipsum, \r\nquia dolor sit, amet, consectetur, \r\nadipisci velit, sed quia non \r\nnumquam eius modi tempora \r\nincidunt, ut labore et dolore \r\nmagnam aliquam quaerat \r\nvoluptatem. Ut enim ad minima \r\nveniam, quis nostrum",
    "status": 1,
    "created_at": "2022-01-20T09:32:42.082Z",
    "updated_at": "2022-02-16T11:11:55.828Z",
    "project": 2,
    "is_deleted": false,
    "types": [
      4
    ]
  }
},
{
  "model": "todolistapp.task",
  "pk": 33,
  "fields": {
    "task": "Special one with word bug in it",
    "description": "Special one with word bug in it",
    "status": 3,
    "created_at": "2022-01-22T06:58:21.688Z",
    "updated_at": "2022-02-01T11:39:22.294Z",
    "project": 1,
    "is_deleted": true,
    "types": [
      4
    ]
  }
},
{
  "model": "todolistapp.task",
  "pk": 34,
  "fields": {
    "task": "asdasdasd",
    "description": "",
    "status": 1,
    "created_at": "2022-01-29T09:32:54.335Z",
    "updated_at": "2022-02-16T11:11:55.826Z",
    "project": 2,
    "is_deleted": false,
    "types": [
      2
    ]
  }
},
{
  "model": "todolistapp.task",
  "pk": 35,
  "fields": {
    "task": "новая задача",
    "description": "",
    "status": 1,
    "created_at": "2022-01-29T09:37:01.616Z",
    "updated_at": "2022-02-16T11:11:55.824Z",
    "project": 9,
    "is_deleted": false,
    "types": [
      3,
      4
    ]
  }
},
{
  "model": "todolistapp.task",
  "pk": 36,
  "fields": {
    "task": "aweqweqweq",
    "description": "qweqweqwe",
    "status": 2,
    "created_at": "2022-02-03T13:53:24.388Z",
    "updated_at": "2022-02-16T11:44:08.012Z",
    "project": 9,
    "is_deleted": false,
    "types": [
      4
    ]
  }
},
{
  "model": "todolistapp.task",
  "pk": 37,
  "fields": {
    "task": "bmnbjiuhuibni",
    "description": "",
    "status": 1,
    "created_at": "2022-02-16T11:47:53.067Z",
    "updated_at": "2022-02-17T10:54:15.951Z",
    "project": 9,
    "is_deleted": true,
    "types": [
      1,
      2
    ]
  }
},
{
  "model": "todolistapp.task",
  "pk": 38,
  "fields": {
    "task": "qweqweqweqwe",
    "description": "eqweqw",
    "status": 2,
    "created_at": "2022-02-16T12:00:35.895Z",
    "updated_at": "2022-02-16T12:12:11.637Z",
    "project": 9,
    "is_deleted": true,
    "types": [
      2,
      3
    ]
  }
},
{
  "model": "todolistapp.task",
  "pk": 39,
  "fields": {
    "task": "first task",
    "description": "ffffffffffffnnnn",
    "status": 1,
    "created_at": "2022-02-16T13:06:19.691Z",
    "updated_at": "2022-02-17T11:22:34.618Z",
    "project": 19,
    "is_deleted": false,
    "types": [
      3
    ]
  }
},
{
  "model": "todolistapp.task",
  "pk": 40,
  "fields": {
    "task": "fsdanfkjsdnafkj",
    "description": "sadfas",
    "status": 1,
    "created_at": "2022-02-17T11:23:58.776Z",
    "updated_at": "2022-02-17T11:24:04.415Z",
    "project": 19,
    "is_deleted": true,
    "types": [
      1,
      2
    ]
  }
},
{
  "model": "todolistapp.project",
  "pk": 1,
  "fields": {
    "name": "First project",
    "description": "first one to test",
    "date_start": "2022-01-29",
    "date_end": null,
    "users": []
  }
},
{
  "model": "todolistapp.project",
  "pk": 2,
  "fields": {
    "name": "Second project",
    "description": "second one to test",
    "date_start": "2022-01-24",
    "date_end": "2022-01-30",
    "users": [
      11,
      12
    ]
  }
},
{
  "model": "todolistapp.project",
  "pk": 9,
  "fields": {
    "name": "Новый тестовый5623",
    "description": "тестовый новый",
    "date_start": "2022-01-29",
    "date_end": "2022-02-04",
    "users": [
      10,
      11,
      12
    ]
  }
},
{
  "model": "todolistapp.project",
  "pk": 10,
  "fields": {
    "name": "big project Alpha",
    "description": "xxx",
    "date_start": "2022-01-27",
    "date_end": null,
    "users": [
      2,
      9,
      12
    ]
  }
},
{
  "model": "todolistapp.project",
  "pk": 19,
  "fields": {
    "name": "project of manager",
    "description": "pmkllmmm",
    "date_start": "2022-02-17",
    "date_end": null,
    "users": [
      9,
      10,
      12
    ]
  }
}
]
